name_en,name_he,name_ru
World Cup 2026,מונדיאל 2026,Чемпионат мира 2026
UCL,ליגת האלופות,Лига чемпионов
EPL,הפרמייר ליג,Премьер-лига
La Liga,לה ליגה,Ла Лига
Serie A,סרייה A,Серия А
Bundesliga,הבונדסליגה,Бундеслига
Israeli Premier League,ליגת העל,Лига ха-Аль
Liga Leumit,ליגה לאומית,Лига Леумит
Brazil,ברזיל,Бразилия
Argentina,ארגנטינה,Аргентина
France,צרפת,Франция
England,אנגליה,Англия
Spain,ספרד,Испания
Germany,גרמניה,Германия
Portugal,פורטוגל,Португалия
Netherlands,הולנד,Нидерланды
Belgium,בלגיה,Бельгия
Croatia,קרואטיה,Хорватия
Uruguay,אורוגוואי,Уругвай
Colombia,קולומביה,Колумбия
Mexico,מקסיקו,Мексика
USA,"ארה""ב",США
Canada,קנדה,Канада
Japan,יפן,Япония
South Korea,דרום קוריאה,Южная Корея
Morocco,מרוקו,Марокко
Senegal,סנגל,Сенегал
Ghana,גאנה,Гана
Egypt,מצרים,Египет
Tunisia,תוניסיה,Тунис
Algeria,אלג'יריה,Алжир
Ivory Coast,חוף השנהב,Кот-д'Ивуар
Australia,אוסטרליה,Австралия
Iran,איראן,Иран
Saudi Arabia,ערב הסעודית,Саудовская Аравия
Qatar,קטאר,Катар
Ecuador,אקוודור,Эквадор
Switzerland,שווייץ,Швейцария
Sweden,שוודיה,Швеция
Uzbekistan,אוזבקיסטן,Узбекистан
Jordan,ירדן,Иордания
Iraq,עיראק,Ирак
Cape Verde,קייפ ורדה,Кабо-Верде
South Africa,דרום אפריקה,ЮАР
DR Congo,קונגו הדמוקרטית,ДР Конго
Panama,פנמה,Панама
Curacao,קוראסאו,Кюрасао
Haiti,האיטי,Гаити
Paraguay,פרגוואי,Парагвай
New Zealand,ניו זילנד,Новая Зеландия
Norway,נורווגיה,Норвегия
Scotland,סקוטלנד,Шотландия
Austria,אוסטריה,Австрия
Bosnia and Herzegovina,בוסניה והרצגובינה,Босния и Герцеговина
Turkey,טורקיה,Турция
Czech Republic,צ'כיה,Чехия
Real Madrid,ריאל מדריד,Реал Мадрид
Manchester City,מנצ'סטר סיטי,Манчестер Сити
Bayern Munich,באיירן מינכן,Бавария
Barcelona,ברצלונה,Барселона
Liverpool,ליברפול,Ливерпуль
Paris Saint-Germain,פריז סן ז'רמן,Пари Сен-Жермен
Inter Milan,אינטר מילאנו,Интернационале
Juventus,יובנטוס,Ювентус
Manchester United,מנצ'סטר יונייטד,Манчестер Юнайтед
Chelsea,צ'לסי,Челси
Arsenal,ארסנל,Арсенал
AC Milan,מילאן,Милан
Atlético Madrid,אתלטיקו מדריד,Атлетико Мадрид
Borussia Dortmund,בורוסיה דורטמונד,Боруссия Дортмунд
Napoli,נאפולי,Наполи
Porto,פורטו,Порту
Benfica,בנפיקה,Бенфика
Ajax,אייאקס,Аякс
Aston Villa,אסטון וילה,Астон Вилла
Bournemouth,בורנמות',Борнмут
Brentford,ברנטפורד,Брентфорд
Brighton & Hove Albion,ברייטון אנד הוב אלביון,Брайтон энд Хоув Альбион
Crystal Palace,קריסטל פאלאס,Кристал Пэлас
Everton,אברטון,Эвертон
Fulham,פולהאם,Фулхэм
Ipswich Town,איפסוויץ' טאון,Ипсвич Таун
Leicester City,לסטר סיטי,Лестер Сити
Newcastle United,ניוקאסל יונייטד,Ньюкасл Юнайтед
Nottingham Forest,נוטינגהאם פורסט,Ноттингем Форест
Southampton,סאות'המפטון,Саутгемптон
Tottenham Hotspur,טוטנהאם הוטספר,Тоттенхэм Хотспур
West Ham United,ווסט האם יונייטד,Вест Хэм Юнайтед
Wolverhampton Wanderers,וולברהמפטון וונדררס,Вулверхэмптон Уондерерс
Athletic Bilbao,אתלטיק בילבאו,Атлетик Бильбао
Real Sociedad,ריאל סוסיאדד,Реал Сосьедад
Real Betis,ריאל בטיס,Реал Бетис
Villarreal,ויאריאל,Вильярреал
Valencia,ולנסיה,Валенсия
Sevilla,סביליה,Севилья
Girona,ז'ירונה,Жирона
Osasuna,אוססונה,Осасуна
Celta Vigo,סלטה ויגו,Сельта
Rayo Vallecano,ראיו ואייקאנו,Райо Вальекано
Getafe,חטאפה,Хетафе
Las Palmas,לאס פלמאס,Лас-Пальмас
Alavés,אלאבס,Алавес
Espanyol,אספניול,Эспаньол
Leganes,לגאנס,Леганес
Mallorca,מיורקה,Мальорка
Valladolid,ויאדוליד,Вальядолид
Roma,רומא,Рома
Lazio,לאציו,Лацио
Atalanta,אטלנטה,Аталанта
Fiorentina,פיורנטינה,Фиорентина
Bologna,בולוניה,Болонья
Torino,טורינו,Торино
Udinese,אודינזה,Удинезе
Genoa,ג'נואה,Дженоа
Cagliari,קליארי,Кальяри
Verona,ורונה,Верона
Lecce,לצ'ה,Лечче
Parma,פארמה,Парма
Como,קומו,Комо
Venezia,ונציה,Венеция
Empoli,אמפולי,Эмполи
Monza,מונצה,Монца
RB Leipzig,ר. ב. לייפציג,РБ Лейпциг
Bayer Leverkusen,באייר לברקוזן,Байер 04
Eintracht Frankfurt,איינטרכט פרנקפורט,Айнтрахт Франкфурт
VfB Stuttgart,שטוטגרט,Штутгарт
Borussia Mönchengladbach,בורוסיה מנשנגלדבך,Боруссия Мёнхенгладбах
SC Freiburg,פרייבורג,Фрайбург
Werder Bremen,וורדר ברמן,Вердер
Union Berlin,אוניון ברלין,Унион Берлин
Mainz 05,מיינץ 05,Майнц 05
Wolfsburg,וולפסבורג,Вольфсбург
TSG Hoffenheim,הופנהיים,Хоффенхайм
FC Augsburg,אוגסבורג,Аугсбург
VfL Bochum,בוכום,Бохум
FC Heidenheim,היידנהיים,Хайденхайм
Holstein Kiel,הולשטיין קיל,Хольштайн Киль
St. Pauli,זנקט פאולי,Санкт-Паули
Maccabi Haifa,מכבי חיפה,Маккаби Хайфа
Maccabi Tel Aviv,מכבי תל אביב,Маккаби Тель-Авив
Hapoel Be'er Sheva,הפועל באר שבע,Хапоэль Беэр-Шева
Hapoel Tel Aviv,הפועל תל אביב,Хапоэль Тель-Авив
Beitar Jerusalem,"בית""ר ירושלים",Бейтар Иерусалим
Maccabi Netanya,מכבי נתניה,Маккаби Нетания
Hapoel Haifa,הפועל חיפה,Хапоэль Хайфа
Bnei Sakhnin,בני סכנין,Бней Сахнин
Hapoel Ramat Gan Givatayim,הפועל רמת-גן גבעתיים,Хапоэль Рамат-Ган Гиватаим
Hapoel Jerusalem,הפועל ירושלים,Хапоэль Иерусалим
Ironi Kiryat Shmona,עירוני קריית שמונה,Ирони Кирьят-Шмона
Maccabi Petah Tikva,מכבי פתח תקווה,Маккаби Петах-Тиква
Hapoel Petah Tikva,הפועל פתח תקווה,Хапоэль Петах-Тиква
Ironi Tiberias,עירוני טבריה,Ирони Тверия
F.C. Ashdod,מ.ס. אשדוד,Ашдод
Maccabi Bnei Reineh,מכבי בני ריינה,Маккаби Бней Рейне
Bnei Yehuda,בני יהודה,Бней Иегуда
Hapoel Hadera,הפועל חדרה,Хапоэль Хадера
Hapoel Kfar Saba,הפועל כפר סבא,Хапоэль Кфар-Сава
Hapoel Kfar Shalem,הפועל כפר שלם,Хапоэль Кфар-Шалем
Hapoel Nof HaGalil,הפועל נוף הגליל,Хапоэль Ноф-ха-Галиль
Hapoel Akko,הפועל עכו,Хапоэль Акко
Hapoel Afula,הפועל עפולה,Хапоэль Афула
Hapoel Rishon LeZion,הפועל ראשון לציון,Хапоэль Ришон-ле-Цион
Hapoel Ra'anana,הפועל רעננה,Хапоэль Раанана
F.C. Kafr Qasim,מ.ס. כפר קאסם,ФК Кафр-Касем
F.C. Kiryat Yam,מ.ס. קריית ים,ФК Кирьят-Ям
Maccabi Herzliya,מכבי הרצליה,Маккаби Герцлия
Maccabi Kavilio Jaffa,מכבי קביליו יפו,Маккаби Кавильо Яффо
Ironi Modi'in,עירוני מודיעין,Ирони Модиин
1. FC Köln,פ. צ. קלן,Кёльн
FC Schalke 04,שאלקה 04,Шальке 04
Hamburger SV,המבורג,Гамбург
SC Paderborn 07,פאדרבורן 07,Падерборн 07
SV Elversberg,אלוורסברג,Эльферсберг
Deportivo de A Coruña,דפורטיבו דה א-קורוניה,Депортиво Ла-Корунья
Elche,אלצ'ה,Эльче
Levante,לבאנטה,Леванте
Málaga,מאלגה,Малага
Racing Santander,ראסינג סנטנדר,Расинг Сантандер
Coventry City,קובנטרי סיטי,Ковентри Сити
Hull City,האל סיטי,Халл Сити
Leeds United,לידס יונייטד,Лидс Юнайтед
Frosinone,פרוזינונה,Фрозиноне
Club Brugge,קלאב ברוז',Брюгге
Feyenoord,פיינורד,Фейеноорд
Galatasaray,גלאטסראיי,Галатасарай
Lens,לאנס,Ланс
Lille,ליל,Лилль
PSV Eindhoven,פ.ס.וו. איינדהובן,ПСВ
Shakhtar Donetsk,שחטאר דונצק,Шахтёр Донецк
Slavia Prague,סלביה פראג,Славия Прага
Sporting CP,ספורטינג ליסבון,Спортинг Лиссабон
Sunderland,סנדרלנד,Сандерленд
Sassuolo,ססואולו,Сассуоло
Likud,הליכוד,Ликуд
Yesh Atid,יש עתיד,Еш Атид
Religious Zionist Party,הציונות הדתית,Ха-Цийонут ха-Датит
National Unity,המחנה הממלכתי,Ха-Махане ха-Мамлахти
Yisrael Beiteinu,ישראל ביתנו,Наш дом Израиль
Shas,"ש""ס",ШАС
United Torah Judaism,יהדות התורה,Яхадут ха-Тора
Ra'am,"רע""ם",РААМ
Hadash-Ta'al,"חד""ש-תע""ל",ХАДАШ-ТААЛ
Labor,העבודה,Авода
Meretz,מרצ,МЕРЕЦ
Balad,"בל""ד",БАЛАД
Other,אחר,Другое
Yashar,ישר,Яшар
Together,ביחד,Бейахад
The Democrats,הדמוקרטים,Ха-Демократим
Blue and White,כחול לבן,Кахоль-лаван
Otzma Yehudit,עוצמה יהודית,Оцма Йехудит
The Economic Party,המפלגה הכלכלית,Экономическая партия
El HaDegel,אל הדגל,Эль ха-Дегель
The Reservists,המילואימניקים,Резервисты
